Book ID,BookName
a7948a0f-63f3-4422-9813-02afd94c9df3,Cross-group asynchronous conglomeration
de4b5047-276f-404b-80c3-16604eff3be8,Implemented coherent middleware
5dfe3c87-22cc-4cda-8359-81109c3a5e02,Multi-tiered bi-directional workforce
7b164799-38ab-45f8-84d1-b03353f07206,Synergized zero administration knowledge user
2704c833-97f6-48a0-88d6-28d18e2a554f,Cloned solution-oriented support
a35a4cc1-820a-4178-91dd-033c0f7d96ec,Digitized responsive hierarchy
5d5838ac-df4f-4971-8e2b-c918b79fbd4c,Intuitive clear-thinking matrices
c3e5af0e-e66e-433f-bb6d-a838268d542d,Sharable full-range database
df420d6b-6cca-4a8d-8098-384adb8d069a,Vision-oriented transitional middleware
6cdca9c2-a0c9-41a7-b4f8-1f592ea04e14,Sharable neutral challenge
